Player_Name,Matches_Batted,Batting_Average,Runs_Scored,Matches_Bowled,Bowling_Average,Wickets_Taken
Ruturaj Gaikwad,2.0,30.5,61.0,2.0,0.0,0.0
Ruturaj Gaikwad,16.0,42.14,590.0,16.0,0.0,0.0
Ruturaj Gaikwad,14.0,26.29,368.0,14.0,0.0,0.0
Ruturaj Gaikwad,16.0,45.35,635.0,16.0,0.0,0.0
Ruturaj Gaikwad,6.0,51.0,204.0,6.0,0.0,0.0
Devon Conway,16.0,51.69,672.0,16.0,0.0,0.0
Devon Conway,7.0,42.0,252.0,7.0,0.0,0.0
MS Dhoni,2.0,0.0,0.0,2.0,0.0,0.0
MS Dhoni,16.0,26.0,104.0,16.0,0.0,0.0
MS Dhoni,14.0,33.14,232.0,14.0,0.0,0.0
MS Dhoni,16.0,16.28,114.0,16.0,0.0,0.0
MS Dhoni,14.0,25.0,200.0,14.0,0.0,0.0
MS Dhoni,15.0,83.2,416.0,15.0,0.0,0.0
MS Dhoni,16.0,75.83,455.0,16.0,0.0,0.0
MS Dhoni,16.0,26.36,290.0,16.0,0.0,0.0
MS Dhoni,14.0,40.57,284.0,14.0,0.0,0.0
MS Dhoni,17.0,31.0,372.0,17.0,0.0,0.0
MS Dhoni,16.0,74.2,371.0,16.0,0.0,0.0
MS Dhoni,18.0,41.9,461.0,18.0,0.0,0.0
MS Dhoni,19.0,29.83,358.0,19.0,0.0,0.0
MS Dhoni,16.0,43.55,392.0,16.0,0.0,0.0
MS Dhoni,13.0,31.88,287.0,13.0,0.0,0.0
MS Dhoni,14.0,41.5,332.0,14.0,0.0,0.0
MS Dhoni,16.0,41.4,414.0,16.0,0.0,0.0
Ajinkya Rahane,2.0,19.5,39.0,2.0,0.0,0.0
Ajinkya Rahane,14.0,32.6,326.0,14.0,0.0,0.0
Ajinkya Rahane,7.0,19.0,133.0,7.0,0.0,0.0
Ajinkya Rahane,2.0,8.0,8.0,0.0,0.0,0.0
Ajinkya Rahane,9.0,14.12,113.0,9.0,0.0,0.0
Ajinkya Rahane,14.0,32.75,393.0,14.0,0.0,0.0
Ajinkya Rahane,15.0,28.46,370.0,15.0,0.0,0.0
Ajinkya Rahane,16.0,25.46,382.0,16.0,0.0,0.0
Ajinkya Rahane,14.0,43.63,480.0,14.0,0.0,0.0
Ajinkya Rahane,14.0,49.09,540.0,14.0,0.0,0.0
Ajinkya Rahane,13.0,28.25,339.0,13.0,0.0,0.0
Ajinkya Rahane,18.0,34.85,488.0,18.0,0.0,0.0
Ajinkya Rahane,16.0,40.0,560.0,16.0,0.0,0.0
Ajinkya Rahane,10.0,20.0,120.0,10.0,0.0,0.0
Ajinkya Rahane,8.0,24.0,144.0,8.0,5.0,1.0
Ajinkya Rahane,2.0,2.0,4.0,0.0,0.0,0.0
Shaik Rasheed,0.0,0.0,0.0,0.0,0.0,0.0
Sameer Rizvi,2.0,0.0,0.0,2.0,0.0,0.0
Avanish Rao Aravelly,0.0,0.0,0.0,0.0,0.0,0.0
Ravindra Jadeja,2.0,0.0,25.0,2.0,0.0,0.0
Ravindra Jadeja,16.0,23.75,190.0,16.0,21.55,20.0
Ravindra Jadeja,10.0,19.33,116.0,10.0,49.6,5.0
Ravindra Jadeja,16.0,75.66,227.0,16.0,26.61,13.0
Ravindra Jadeja,14.0,46.4,232.0,14.0,53.0,6.0
Ravindra Jadeja,16.0,35.33,106.0,16.0,22.86,15.0
Ravindra Jadeja,16.0,17.8,89.0,16.0,27.54,11.0
Ravindra Jadeja,12.0,39.5,158.0,12.0,69.8,5.0
Ravindra Jadeja,15.0,21.22,191.0,15.0,38.87,8.0
Ravindra Jadeja,17.0,18.85,132.0,17.0,30.0,11.0
Ravindra Jadeja,16.0,29.2,146.0,16.0,23.31,19.0
Ravindra Jadeja,18.0,25.12,201.0,18.0,24.84,13.0
Ravindra Jadeja,19.0,15.91,191.0,19.0,22.75,12.0
Ravindra Jadeja,14.0,31.44,283.0,14.0,38.12,8.0
Ravindra Jadeja,13.0,26.81,295.0,13.0,25.16,6.0
Ravindra Jadeja,14.0,19.28,135.0,14.0,0.0,0.0
Mitchell Santner,3.0,0.0,2.0,3.0,27.0,3.0
Mitchell Santner,6.0,11.0,22.0,6.0,32.5,4.0
Mitchell Santner,2.0,0.0,0.0,2.0,26.5,2.0
Mitchell Santner,4.0,32.0,32.0,4.0,23.5,4.0
Moeen Ali,15.0,17.71,124.0,15.0,21.67,9.0
Moeen Ali,10.0,24.4,244.0,10.0,19.75,8.0
Moeen Ali,15.0,25.5,357.0,15.0,26.83,6.0
Moeen Ali,3.0,4.0,12.0,3.0,42.0,1.0
Moeen Ali,11.0,27.5,220.0,11.0,28.16,6.0
Moeen Ali,5.0,19.25,77.0,5.0,32.33,3.0
Shivam Dube,2.0,0.0,70.0,2.0,0.0,0.0
Shivam Dube,16.0,38.0,418.0,16.0,0.0,0.0
Shivam Dube,11.0,28.9,289.0,11.0,0.0,0.0
Shivam Dube,9.0,28.75,230.0,9.0,0.0,0.0
Shivam Dube,11.0,18.42,129.0,11.0,18.25,4.0
Shivam Dube,4.0,13.33,40.0,4.0,0.0,0.0
Nishant Sindhu,0.0,0.0,0.0,0.0,0.0,0.0
Ajay Mandal,0.0,0.0,0.0,0.0,0.0,0.0
Rachin Ravindra,2.0,41.5,83.0,2.0,0.0,0.0
Shardul Thakur,11.0,14.13,113.0,11.0,31.43,7.0
Shardul Thakur,14.0,15.0,120.0,14.0,31.53,15.0
Shardul Thakur,16.0,2.5,5.0,16.0,25.09,21.0
Shardul Thakur,9.0,12.0,12.0,9.0,27.5,10.0
Shardul Thakur,10.0,7.0,14.0,10.0,35.12,8.0
Shardul Thakur,13.0,0.0,15.0,13.0,26.93,16.0
Shardul Thakur,12.0,0.0,0.0,12.0,28.63,11.0
Shardul Thakur,1.0,0.0,7.0,1.0,38.0,1.0
Daryl Mitchell,2.0,30.0,30.0,2.0,0.0,0.0
Daryl Mitchell,2.0,16.5,33.0,2.0,0.0,0.0
Rajvardhan Hangargekar,2.0,0.0,0.0,2.0,20.0,3.0
Deepak Chahar,2.0,0.0,0.0,2.0,37.0,1.0
Deepak Chahar,10.0,0.0,1.0,10.0,22.85,13.0
Deepak Chahar,15.0,0.0,1.0,15.0,32.21,14.0
Deepak Chahar,14.0,7.0,7.0,14.0,33.0,12.0
Deepak Chahar,17.0,3.5,7.0,17.0,21.9,22.0
Deepak Chahar,12.0,16.66,50.0,12.0,27.8,10.0
Deepak Chahar,3.0,14.0,14.0,3.0,74.0,1.0
Deepak Chahar,2.0,0.0,0.0,2.0,0.0,0.0
Maheesh Theekshana,1.0,0.0,0.0,1.0,0.0,0.0
Maheesh Theekshana,13.0,0.0,0.0,13.0,35.64,11.0
Maheesh Theekshana,9.0,7.0,7.0,9.0,21.75,12.0
Mukesh Choudhary,13.0,6.0,6.0,13.0,26.5,16.0
Mustafizur Rahman,2.0,0.0,0.0,2.0,7.25,4.0
Mustafizur Rahman,2.0,0.0,1.0,2.0,79.0,1.0
Mustafizur Rahman,8.0,0.0,3.0,8.0,30.5,8.0
Mustafizur Rahman,14.0,0.0,8.0,14.0,31.14,14.0
Mustafizur Rahman,7.0,1.0,1.0,7.0,32.85,7.0
Mustafizur Rahman,1.0,0.0,0.0,1.0,0.0,0.0
Mustafizur Rahman,16.0,0.0,0.0,16.0,24.76,17.0
Prashant Solanki,2.0,0.0,0.0,2.0,19.0,2.0
Simarjeet Singh,6.0,7.0,7.0,6.0,34.5,4.0
Tushar Deshpande,2.0,0.0,0.0,2.0,0.0,0.0
Tushar Deshpande,16.0,0.0,0.0,16.0,26.86,21.0
Tushar Deshpande,2.0,0.0,0.0,2.0,63.0,1.0
Tushar Deshpande,5.0,21.0,21.0,5.0,64.0,3.0
Matheesha Pathirana,12.0,0.0,0.0,12.0,19.53,19.0
Matheesha Pathirana,2.0,0.0,0.0,2.0,26.0,2.0
Rishabh Pant,1.0,18.0,18.0,1.0,0.0,0.0
Rishabh Pant,14.0,30.91,340.0,14.0,0.0,0.0
Rishabh Pant,16.0,34.91,419.0,16.0,0.0,0.0
Rishabh Pant,14.0,31.18,343.0,14.0,0.0,0.0
Rishabh Pant,16.0,37.53,488.0,16.0,0.0,0.0
Rishabh Pant,14.0,52.61,684.0,14.0,0.0,0.0
Rishabh Pant,14.0,26.14,366.0,14.0,0.0,0.0
Rishabh Pant,10.0,24.75,198.0,10.0,0.0,0.0
David Warner,1.0,29.0,29.0,1.0,0.0,0.0
David Warner,14.0,36.86,516.0,14.0,0.0,0.0
David Warner,12.0,48.0,432.0,12.0,0.0,0.0
David Warner,8.0,24.37,195.0,8.0,0.0,0.0
David Warner,16.0,39.14,548.0,16.0,0.0,0.0
David Warner,12.0,69.2,692.0,12.0,0.0,0.0
David Warner,14.0,58.27,641.0,14.0,0.0,0.0
David Warner,17.0,60.57,848.0,17.0,0.0,0.0
David Warner,14.0,43.23,562.0,14.0,0.0,0.0
David Warner,14.0,48.0,528.0,14.0,0.0,0.0
David Warner,16.0,31.53,410.0,16.0,0.0,0.0
David Warner,8.0,36.57,256.0,8.0,0.0,0.0
David Warner,13.0,24.92,324.0,13.0,0.0,0.0
David Warner,11.0,28.2,282.0,11.0,0.0,0.0
David Warner,7.0,23.29,163.0,7.0,0.0,0.0
Prithvi Shaw,8.0,13.25,106.0,8.0,0.0,0.0
Prithvi Shaw,10.0,28.3,283.0,10.0,0.0,0.0
Prithvi Shaw,15.0,31.93,479.0,15.0,0.0,0.0
Prithvi Shaw,13.0,17.53,228.0,13.0,0.0,0.0
Prithvi Shaw,16.0,22.06,353.0,16.0,0.0,0.0
Prithvi Shaw,9.0,27.22,245.0,9.0,0.0,0.0
Yash Dhull,4.0,5.33,16.0,4.0,0.0,0.0
Shai Hope,1.0,33.0,33.0,1.0,0.0,0.0
Swastik Chhikara,0.0,0.0,0.0,0.0,0.0,0.0
Abishek Porel,1.0,0.0,32.0,1.0,0.0,0.0
Abishek Porel,4.0,8.25,33.0,4.0,0.0,0.0
Harry Brook,0.0,0.0,0.0,0.0,0.0,0.0
Ricky Bhui,1.0,3.0,3.0,1.0,0.0,0.0
Ricky Bhui,1.0,7.0,7.0,0.0,0.0,0.0
Ricky Bhui,1.0,0.0,0.0,1.0,0.0,0.0
Kumar Kushagra,0.0,0.0,0.0,0.0,0.0,0.0
Tristan Stubbs,1.0,5.0,5.0,1.0,0.0,0.0
Tristan Stubbs,2.0,12.5,25.0,2.0,14.0,1.0
Tristan Stubbs,2.0,1.0,2.0,2.0,0.0,0.0
Axar Patel,1.0,21.0,21.0,1.0,0.0,0.0
Axar Patel,14.0,28.3,283.0,14.0,30.73,11.0
Axar Patel,13.0,45.5,182.0,13.0,53.5,6.0
Axar Patel,12.0,8.0,40.0,12.0,20.4,15.0
Axar Patel,15.0,14.62,117.0,15.0,36.33,9.0
Axar Patel,14.0,18.33,110.0,14.0,36.4,10.0
Axar Patel,9.0,13.33,80.0,9.0,72.66,3.0
Axar Patel,14.0,28.37,227.0,14.0,24.13,15.0
Axar Patel,14.0,15.85,111.0,14.0,29.84,13.0
Axar Patel,14.0,22.88,206.0,14.0,30.15,13.0
Axar Patel,17.0,10.33,62.0,17.0,23.82,17.0
Lalit Yadav,6.0,13.2,66.0,6.0,59.0,2.0
Lalit Yadav,12.0,23.0,161.0,12.0,37.5,4.0
Lalit Yadav,7.0,34.0,68.0,7.0,25.25,4.0
Mitchell Marsh,1.0,20.0,20.0,1.0,0.0,0.0
Mitchell Marsh,9.0,14.22,128.0,9.0,14.17,12.0
Mitchell Marsh,8.0,31.38,251.0,8.0,25.5,4.0
Mitchell Marsh,1.0,0.0,0.0,1.0,0.0,0.0
Mitchell Marsh,3.0,7.0,7.0,3.0,11.25,4.0
Mitchell Marsh,9.0,20.14,141.0,9.0,26.0,7.0
Mitchell Marsh,5.0,25.0,50.0,5.0,14.14,7.0
Mitchell Marsh,3.0,14.0,28.0,3.0,44.0,2.0
Sumit Kumar,1.0,2.0,2.0,1.0,0.0,0.0
Pravin Dubey,1.0,16.0,16.0,1.0,19.0,1.0
Pravin Dubey,3.0,0.0,7.0,3.0,0.0,0.0
Vicky Ostwal,0.0,0.0,0.0,0.0,0.0,0.0
Anrich Nortje,10.0,12.33,37.0,10.0,36.4,10.0
Anrich Nortje,6.0,0.0,1.0,6.0,24.11,9.0
Anrich Nortje,8.0,0.0,0.0,8.0,15.58,12.0
Anrich Nortje,16.0,7.0,7.0,16.0,23.27,22.0
Kuldeep Yadav,1.0,1.0,1.0,1.0,10.0,2.0
Kuldeep Yadav,14.0,15.5,31.0,14.0,36.1,10.0
Kuldeep Yadav,14.0,48.0,48.0,14.0,19.95,21.0
Kuldeep Yadav,5.0,13.0,13.0,5.0,92.0,1.0
Kuldeep Yadav,9.0,6.0,12.0,9.0,71.5,4.0
Kuldeep Yadav,16.0,12.0,12.0,16.0,24.58,17.0
Kuldeep Yadav,12.0,10.0,20.0,12.0,28.33,12.0
Kuldeep Yadav,3.0,0.0,0.0,3.0,16.66,6.0
Jake Fraser-McGurk,0.0,0.0,0.0,0.0,0.0,0.0
Khaleel Ahmed,1.0,0.0,0.0,1.0,21.5,2.0
Khaleel Ahmed,9.0,0.0,0.0,9.0,33.44,9.0
Khaleel Ahmed,10.0,0.0,0.0,10.0,19.69,16.0
Khaleel Ahmed,7.0,1.0,1.0,7.0,43.8,5.0
Khaleel Ahmed,7.0,0.0,0.0,7.0,30.25,8.0
Khaleel Ahmed,9.0,0.0,0.0,9.0,15.1,19.0
Khaleel Ahmed,1.0,0.0,0.0,1.0,0.0,0.0
Ishant Sharma,1.0,0.0,0.0,1.0,16.0,1.0
Ishant Sharma,8.0,0.0,1.0,8.0,20.6,10.0
Ishant Sharma,13.0,0.0,10.0,13.0,26.84,13.0
Ishant Sharma,6.0,4.0,8.0,6.0,0.0,0.0
Ishant Sharma,12.0,0.0,4.0,12.0,28.54,11.0
Ishant Sharma,7.0,6.0,6.0,7.0,33.71,7.0
Ishant Sharma,11.0,8.0,16.0,11.0,27.0,11.0
Ishant Sharma,13.0,11.0,11.0,13.0,41.37,8.0
Ishant Sharma,0.0,0.0,0.0,3.0,97.0,1.0
Ishant Sharma,0.0,0.0,0.0,1.0,0.0,0.0
Ishant Sharma,0.0,0.0,0.0,4.0,49.33,3.0
Ishant Sharma,0.0,0.0,0.0,4.0,159.0,1.0
Ishant Sharma,0.0,0.0,0.0,3.0,33.66,3.0
Ishant Sharma,0.0,0.0,0.0,16.0,31.06,15.0
Jhye Richardson,3.0,7.5,15.0,3.0,39.0,3.0
Mukesh Kumar,10.0,0.0,7.0,10.0,46.57,7.0
Rasikh Dar,2.0,7.0,7.0,2.0,0.0,0.0
Rasikh Dar,1.0,0.0,5.0,1.0,0.0,0.0
Shubman Gill,1.0,31.0,31.0,1.0,0.0,0.0
Shubman Gill,17.0,59.33,890.0,17.0,0.0,0.0
Shubman Gill,16.0,34.5,483.0,16.0,0.0,0.0
Shubman Gill,17.0,28.11,478.0,17.0,0.0,0.0
Shubman Gill,14.0,33.84,440.0,14.0,0.0,0.0
Shubman Gill,14.0,32.88,296.0,14.0,0.0,0.0
Shubman Gill,13.0,33.83,203.0,13.0,0.0,0.0
David Miller,1.0,12.0,12.0,1.0,0.0,0.0
David Miller,16.0,32.38,259.0,16.0,0.0,0.0
David Miller,16.0,68.71,481.0,16.0,0.0,0.0
David Miller,9.0,24.8,124.0,9.0,0.0,0.0
David Miller,1.0,0.0,0.0,1.0,0.0,0.0
David Miller,10.0,26.62,213.0,10.0,0.0,0.0
David Miller,3.0,37.0,74.0,3.0,0.0,0.0
David Miller,5.0,27.66,83.0,5.0,0.0,0.0
David Miller,14.0,16.1,161.0,14.0,0.0,0.0
David Miller,13.0,32.45,357.0,13.0,0.0,0.0
David Miller,16.0,44.6,446.0,16.0,0.0,0.0
David Miller,12.0,59.71,418.0,12.0,0.0,0.0
David Miller,6.0,32.66,98.0,6.0,0.0,0.0
Matthew Wade,10.0,15.7,157.0,10.0,0.0,0.0
Matthew Wade,3.0,7.33,22.0,0.0,0.0,0.0
Wriddhiman Saha,1.0,19.0,19.0,1.0,0.0,0.0
Wriddhiman Saha,17.0,23.19,371.0,17.0,0.0,0.0
Wriddhiman Saha,11.0,31.7,317.0,11.0,0.0,0.0
Wriddhiman Saha,9.0,14.55,131.0,9.0,0.0,0.0
Wriddhiman Saha,4.0,71.33,214.0,4.0,0.0,0.0
Wriddhiman Saha,5.0,17.2,86.0,5.0,0.0,0.0
Wriddhiman Saha,11.0,15.25,122.0,11.0,0.0,0.0
Wriddhiman Saha,14.0,23.4,234.0,14.0,0.0,0.0
Wriddhiman Saha,12.0,24.54,270.0,12.0,0.0,0.0
Wriddhiman Saha,14.0,19.15,249.0,14.0,0.0,0.0
Wriddhiman Saha,17.0,32.9,362.0,17.0,0.0,0.0
Wriddhiman Saha,3.0,23.33,70.0,3.0,0.0,0.0
Wriddhiman Saha,4.0,6.0,6.0,0.0,0.0,0.0
Wriddhiman Saha,7.0,68.0,68.0,7.0,0.0,0.0
Wriddhiman Saha,13.0,22.33,67.0,13.0,0.0,0.0
Wriddhiman Saha,8.0,24.0,72.0,8.0,0.0,0.0
Wriddhiman Saha,12.0,31.8,159.0,12.0,0.0,0.0
BR Sharath,0.0,0.0,0.0,0.0,0.0,0.0
Robin Minz,0.0,0.0,0.0,0.0,0.0,0.0
Kane Williamson,1.0,0.0,0.0,1.0,0.0,0.0
Kane Williamson,13.0,19.64,216.0,13.0,0.0,0.0
Kane Williamson,10.0,44.33,266.0,10.0,0.0,0.0
Kane Williamson,12.0,45.28,317.0,12.0,0.0,0.0
Kane Williamson,9.0,22.28,156.0,9.0,0.0,0.0
Kane Williamson,17.0,52.5,735.0,17.0,0.0,0.0
Kane Williamson,7.0,42.66,256.0,7.0,0.0,0.0
Kane Williamson,6.0,20.66,124.0,6.0,0.0,0.0
Kane Williamson,2.0,31.0,31.0,2.0,0.0,0.0
Abhinav Manohar,9.0,19.0,114.0,9.0,0.0,0.0
Abhinav Manohar,8.0,18.0,108.0,8.0,0.0,0.0
B. Sai Sudharsan,1.0,45.0,45.0,1.0,0.0,0.0
B. Sai Sudharsan,8.0,51.71,362.0,8.0,0.0,0.0
B. Sai Sudharsan,5.0,36.25,145.0,5.0,0.0,0.0
Darshan Nalkande,1.0,0.0,0.0,1.0,44.0,1.0
Darshan Nalkande,2.0,0.0,0.0,2.0,29.5,2.0
Vijay Shankar,1.0,0.0,6.0,1.0,0.0,0.0
Vijay Shankar,14.0,37.63,301.0,14.0,0.0,0.0
Vijay Shankar,4.0,4.75,19.0,4.0,0.0,0.0
Vijay Shankar,7.0,11.6,58.0,7.0,33.33,3.0
Vijay Shankar,7.0,24.25,97.0,7.0,20.5,4.0
Vijay Shankar,15.0,20.33,244.0,15.0,70.0,1.0
Vijay Shankar,13.0,53.0,212.0,13.0,58.0,1.0
Vijay Shankar,4.0,50.5,101.0,4.0,0.0,0.0
Vijay Shankar,1.0,0.0,0.0,1.0,0.0,0.0
Azmatullah Omarzai,1.0,17.0,17.0,2.0,28.5,2.0
Shahrukh Khan,14.0,22.29,156.0,14.0,0.0,0.0
Shahrukh Khan,8.0,16.71,117.0,8.0,0.0,0.0
Shahrukh Khan,11.0,21.85,153.0,11.0,0.0,0.0
Jayant Yadav,1.0,0.0,0.0,1.0,0.0,0.0
Jayant Yadav,5.0,17.0,34.0,5.0,65.0,2.0
Jayant Yadav,2.0,0.0,0.0,2.0,43.0,1.0
Jayant Yadav,2.0,0.0,0.0,2.0,50.0,1.0
Jayant Yadav,2.0,0.0,0.0,2.0,0.0,0.0
Jayant Yadav,5.0,3.0,6.0,5.0,62.5,2.0
Jayant Yadav,3.0,0.0,0.0,3.0,14.5,2.0
Rahul Tewatia,1.0,22.0,22.0,1.0,0.0,0.0
Rahul Tewatia,17.0,21.75,87.0,17.0,0.0,0.0
Rahul Tewatia,16.0,31.0,217.0,16.0,0.0,0.0
Rahul Tewatia,14.0,15.5,155.0,14.0,42.5,8.0
Rahul Tewatia,14.0,42.5,255.0,14.0,32.6,10.0
Rahul Tewatia,5.0,26.0,26.0,5.0,21.0,2.0
Rahul Tewatia,8.0,16.66,50.0,8.0,28.83,6.0
Rahul Tewatia,3.0,19.0,19.0,3.0,16.33,3.0
Rahul Tewatia,1.0,0.0,0.0,1.0,31.0,1.0
Rahul Tewatia,3.0,16.0,16.0,3.0,29.5,2.0
Mohammad Shami,14.0,13.0,13.0,14.0,20.78,19.0
Mohammad Shami,14.0,2.0,2.0,14.0,23.0,20.0
Mohammad Shami,14.0,1.0,1.0,14.0,24.68,19.0
Mohammad Shami,4.0,7.0,7.0,4.0,48.0,3.0
Mohammad Shami,8.0,9.0,36.0,8.0,48.6,5.0
Mohammad Shami,8.0,0.0,2.0,8.0,48.8,5.0
Mohammad Shami,12.0,1.5,3.0,12.0,52.71,7.0
Mohammad Shami,3.0,5.0,5.0,3.0,78.0,1.0
Kartik Tyagi,3.0,0.0,0.0,3.0,92.0,1.0
Kartik Tyagi,2.0,3.5,7.0,2.0,79.0,1.0
Kartik Tyagi,4.0,2.0,2.0,4.0,31.0,4.0
Kartik Tyagi,10.0,4.0,4.0,10.0,40.77,9.0
Sushant Mishra,0.0,0.0,0.0,0.0,0.0,0.0
Spencer Johnson,1.0,0.0,0.0,2.0,17.33,3.0
Noor Ahmad,13.0,4.0,8.0,13.0,23.06,16.0
Sai Kishore,1.0,0.0,0.0,2.0,26.0,2.0
Sai Kishore,5.0,0.0,0.0,5.0,20.17,6.0
Umesh Yadav,1.0,0.0,0.0,2.0,29.0,2.0
Umesh Yadav,8.0,9.5,19.0,8.0,189.0,1.0
Umesh Yadav,12.0,13.75,55.0,12.0,21.19,16.0
Umesh Yadav,2.0,0.0,0.0,2.0,0.0,0.0
Umesh Yadav,11.0,12.5,25.0,11.0,46.37,8.0
Umesh Yadav,14.0,0.75,3.0,14.0,20.9,20.0
Umesh Yadav,14.0,0.0,10.0,14.0,24.11,17.0
Umesh Yadav,9.0,9.0,9.0,9.0,23.4,10.0
Umesh Yadav,12.0,29.0,29.0,12.0,38.2,10.0
Umesh Yadav,12.0,2.0,2.0,12.0,33.36,11.0
Umesh Yadav,16.0,38.0,38.0,16.0,31.75,16.0
Umesh Yadav,17.0,1.0,2.0,17.0,23.84,19.0
Umesh Yadav,7.0,1.0,1.0,7.0,84.5,2.0
Umesh Yadav,7.0,0.0,3.0,7.0,30.66,6.0
Rashid Khan,1.0,0.0,4.0,2.0,57.0,1.0
Rashid Khan,17.0,32.5,130.0,17.0,20.44,27.0
Rashid Khan,16.0,22.75,91.0,16.0,22.16,19.0
Rashid Khan,14.0,10.37,83.0,14.0,20.83,18.0
Rashid Khan,16.0,8.75,35.0,16.0,17.2,20.0
Rashid Khan,15.0,6.8,34.0,15.0,22.17,17.0
Rashid Khan,17.0,11.8,59.0,17.0,21.8,21.0
Rashid Khan,14.0,5.5,11.0,14.0,21.05,17.0
Joshua Little,10.0,0.0,0.0,10.0,42.0,7.0
Mohit Sharma,1.0,0.0,0.0,2.0,19.5,2.0
Mohit Sharma,14.0,0.0,0.0,14.0,13.37,27.0
Mohit Sharma,1.0,0.0,0.0,1.0,27.0,1.0
Mohit Sharma,9.0,10.0,10.0,9.0,46.0,7.0
Mohit Sharma,14.0,8.5,51.0,14.0,31.53,13.0
Mohit Sharma,14.0,8.0,32.0,14.0,31.3,13.0
Mohit Sharma,16.0,9.33,28.0,16.0,34.35,14.0
Mohit Sharma,16.0,0.0,1.0,16.0,19.65,23.0
Mohit Sharma,0.0,0.0,0.0,1.0,45.0,1.0
Mohit Sharma,0.0,0.0,0.0,15.0,16.3,20.0
Manav Suthar,0.0,0.0,0.0,0.0,0.0,0.0
Shreyas Iyer,1.0,0.0,0.0,1.0,0.0,0.0
Shreyas Iyer,14.0,30.85,401.0,14.0,0.0,0.0
Shreyas Iyer,8.0,35.0,175.0,8.0,0.0,0.0
Shreyas Iyer,17.0,34.6,519.0,17.0,0.0,0.0
Shreyas Iyer,16.0,30.86,463.0,16.0,0.0,0.0
Shreyas Iyer,14.0,37.36,411.0,14.0,0.0,0.0
Shreyas Iyer,12.0,33.8,338.0,12.0,0.0,0.0
Shreyas Iyer,6.0,5.0,30.0,6.0,0.0,0.0
Shreyas Iyer,14.0,33.76,439.0,14.0,0.0,0.0
Rinku Singh,1.0,23.0,23.0,1.0,0.0,0.0
Rinku Singh,14.0,59.25,474.0,14.0,0.0,0.0
Rinku Singh,7.0,34.8,174.0,7.0,0.0,0.0
Rinku Singh,1.0,11.0,11.0,1.0,0.0,0.0
Rinku Singh,5.0,18.5,37.0,5.0,0.0,0.0
Rinku Singh,4.0,7.25,29.0,4.0,0.0,0.0
Rahmanullah Gurbaz,11.0,20.64,227.0,11.0,0.0,0.0
Nitish Rana,1.0,9.0,9.0,1.0,0.0,0.0
Nitish Rana,14.0,31.77,413.0,14.0,25.0,3.0
Nitish Rana,14.0,27.77,361.0,14.0,0.0,0.0
Nitish Rana,17.0,29.46,383.0,17.0,0.0,0.0
Nitish Rana,14.0,25.14,352.0,14.0,0.0,0.0
Nitish Rana,14.0,34.4,344.0,14.0,24.0,3.0
Nitish Rana,15.0,23.38,304.0,15.0,11.0,4.0
Nitish Rana,13.0,30.27,333.0,13.0,0.0,0.0
Nitish Rana,4.0,34.66,104.0,4.0,0.0,0.0
Sherfane Rutherford,3.0,16.5,33.0,3.0,0.0,0.0
Sherfane Rutherford,7.0,14.6,73.0,7.0,59.0,1.0
Phil Salt,1.0,54.0,54.0,1.0,0.0,0.0
Phil Salt,9.0,27.25,218.0,9.0,0.0,0.0
K.S Bharat,2.0,4.0,8.0,2.0,0.0,0.0
K.S Bharat,8.0,38.2,191.0,8.0,0.0,0.0
Manish Pandey,10.0,17.78,160.0,10.0,0.0,0.0
Manish Pandey,6.0,14.67,88.0,6.0,0.0,0.0
Manish Pandey,8.0,48.66,292.0,8.0,0.0,0.0
Manish Pandey,16.0,32.69,425.0,16.0,0.0,0.0
Manish Pandey,12.0,43.0,344.0,12.0,0.0,0.0
Manish Pandey,15.0,25.81,284.0,15.0,0.0,0.0
Manish Pandey,14.0,49.5,396.0,14.0,0.0,0.0
Manish Pandey,12.0,31.0,248.0,12.0,0.0,0.0
Manish Pandey,13.0,20.45,225.0,13.0,0.0,0.0
Manish Pandey,16.0,30.84,401.0,16.0,0.0,0.0
Manish Pandey,7.0,22.66,136.0,7.0,0.0,0.0
Manish Pandey,10.0,20.42,143.0,10.0,0.0,0.0
Manish Pandey,10.0,27.33,246.0,10.0,0.0,0.0
Manish Pandey,13.0,20.75,249.0,13.0,0.0,0.0
Manish Pandey,5.0,84.0,168.0,5.0,0.0,0.0
Manish Pandey,3.0,1.5,3.0,0.0,0.0,0.0
Angkrish Raghuvanshi,0.0,0.0,0.0,0.0,0.0,0.0
Anukul Roy,4.0,11.5,23.0,4.0,21.67,3.0
Anukul Roy,2.0,0.0,0.0,2.0,55.0,1.0
Anukul Roy,0.0,0.0,0.0,1.0,11.0,1.0
Ramandeep Singh,1.0,35.0,35.0,1.0,0.0,0.0
Ramandeep Singh,5.0,22.5,45.0,5.0,9.0,6.0
Andre Russell,1.0,0.0,64.0,1.0,12.5,2.0
Andre Russell,14.0,20.64,227.0,14.0,24.57,7.0
Andre Russell,14.0,37.22,335.0,14.0,16.35,17.0
Andre Russell,10.0,26.14,183.0,10.0,17.09,11.0
Andre Russell,10.0,13.0,117.0,10.0,29.16,6.0
Andre Russell,14.0,56.66,510.0,14.0,26.09,11.0
Andre Russell,16.0,28.72,316.0,16.0,27.3,13.0
Andre Russell,12.0,26.85,188.0,12.0,19.4,15.0
Andre Russell,13.0,36.22,326.0,13.0,23.14,14.0
Andre Russell,2.0,1.0,2.0,2.0,52.0,1.0
Andre Russell,3.0,5.5,11.0,3.0,0.0,0.0
Andre Russell,4.0,23.5,47.0,4.0,161.0,1.0
Venkatesh Iyer,1.0,7.0,7.0,1.0,0.0,0.0
Venkatesh Iyer,14.0,28.86,404.0,14.0,0.0,0.0
Venkatesh Iyer,12.0,16.55,182.0,12.0,0.0,0.0
Venkatesh Iyer,10.0,41.11,370.0,10.0,23.0,3.0
Suyash Sharma,1.0,0.0,0.0,1.0,0.0,0.0
Suyash Sharma,11.0,0.0,0.0,11.0,32.1,10.0
Mujeeb Ur Rahman,1.0,0.0,1.0,1.0,14.5,2.0
Mujeeb Ur Rahman,2.0,1.0,1.0,2.0,0.0,0.0
Mujeeb Ur Rahman,5.0,0.0,0.0,5.0,63.66,3.0
Mujeeb Ur Rahman,11.0,10.0,10.0,11.0,20.64,14.0
Dushmantha Chameera,12.0,10.75,43.0,12.0,42.67,9.0
Sakib Hussain,0.0,0.0,0.0,0.0,0.0,0.0
Harshit Rana,1.0,0.0,0.0,1.0,11.0,3.0
Harshit Rana,6.0,0.0,0.0,6.0,29.4,5.0
Harshit Rana,2.0,2.0,2.0,2.0,51.0,1.0
Sunil Narine,1.0,2.0,2.0,1.0,19.0,1.0
Sunil Narine,14.0,3.0,21.0,14.0,34.82,11.0
Sunil Narine,14.0,8.88,71.0,14.0,34.67,9.0
Sunil Narine,14.0,7.75,62.0,14.0,22.56,16.0
Sunil Narine,10.0,13.44,121.0,10.0,60.4,5.0
Sunil Narine,12.0,17.87,143.0,12.0,34.7,10.0
Sunil Narine,16.0,22.31,357.0,16.0,27.47,17.0
Sunil Narine,16.0,17.23,224.0,16.0,41.2,10.0
Sunil Narine,11.0,7.0,7.0,11.0,27.63,11.0
Sunil Narine,8.0,0.0,0.0,8.0,33.42,7.0
Sunil Narine,16.0,5.0,10.0,16.0,19.38,21.0
Sunil Narine,16.0,7.0,21.0,16.0,15.9,22.0
Sunil Narine,15.0,9.0,9.0,15.0,13.5,24.0
Vaibhav Arora,5.0,0.0,3.0,5.0,29.2,5.0
Vaibhav Arora,5.0,2.5,5.0,5.0,54.67,3.0
Varun Chakaravarthy,1.0,0.0,0.0,1.0,55.0,1.0
Varun Chakaravarthy,14.0,1.0,1.0,14.0,21.45,20.0
Varun Chakaravarthy,11.0,0.0,12.0,11.0,55.33,6.0
Varun Chakaravarthy,17.0,2.0,2.0,17.0,24.88,18.0
Varun Chakaravarthy,13.0,5.0,10.0,13.0,20.94,17.0
Varun Chakaravarthy,1.0,0.0,0.0,1.0,35.0,1.0
Mitchell Starc,1.0,0.0,6.0,1.0,0.0,0.0
Mitchell Starc,13.0,11.0,11.0,13.0,14.55,20.0
Mitchell Starc,14.0,14.16,85.0,14.0,28.71,14.0
Chetan Sakariya,2.0,4.0,4.0,2.0,29.67,3.0
Chetan Sakariya,3.0,0.0,0.0,3.0,28.0,3.0
Chetan Sakariya,14.0,3.2,16.0,14.0,30.42,14.0
KL Rahul,1.0,58.0,58.0,1.0,0.0,0.0
KL Rahul,9.0,34.25,274.0,9.0,0.0,0.0
KL Rahul,15.0,51.33,616.0,15.0,0.0,0.0
KL Rahul,13.0,62.6,626.0,13.0,0.0,0.0
KL Rahul,14.0,55.83,670.0,14.0,0.0,0.0
KL Rahul,14.0,53.9,593.0,14.0,0.0,0.0
KL Rahul,14.0,54.91,659.0,14.0,0.0,0.0
KL Rahul,14.0,44.11,397.0,14.0,0.0,0.0
KL Rahul,9.0,28.4,142.0,9.0,0.0,0.0
KL Rahul,11.0,20.75,166.0,11.0,0.0,0.0
KL Rahul,5.0,10.0,20.0,0.0,0.0,0.0
Devdutt Padikkal,1.0,0.0,0.0,1.0,0.0,0.0
Devdutt Padikkal,11.0,26.1,261.0,11.0,0.0,0.0
Devdutt Padikkal,17.0,22.12,376.0,17.0,0.0,0.0
Devdutt Padikkal,14.0,31.61,411.0,14.0,0.0,0.0
Devdutt Padikkal,15.0,31.53,473.0,15.0,0.0,0.0
Quinton de Kock,1.0,4.0,4.0,1.0,0.0,0.0
Quinton de Kock,4.0,35.75,143.0,4.0,0.0,0.0
Quinton de Kock,15.0,36.29,508.0,15.0,0.0,0.0
Quinton de Kock,11.0,29.7,297.0,11.0,0.0,0.0
Quinton de Kock,16.0,35.92,503.0,16.0,0.0,0.0
Quinton de Kock,16.0,35.26,529.0,16.0,0.0,0.0
Quinton de Kock,8.0,25.12,201.0,8.0,0.0,0.0
Quinton de Kock,13.0,37.08,445.0,13.0,0.0,0.0
Quinton de Kock,3.0,40.66,122.0,3.0,0.0,0.0
Quinton de Kock,7.0,21.85,153.0,7.0,0.0,0.0
Quinton de Kock,3.0,2.0,6.0,0.0,0.0,0.0
Nicholas Pooran,1.0,0.0,64.0,1.0,0.0,0.0
Nicholas Pooran,15.0,29.83,358.0,15.0,0.0,0.0
Nicholas Pooran,14.0,38.25,306.0,14.0,0.0,0.0
Nicholas Pooran,12.0,7.72,85.0,12.0,0.0,0.0
Nicholas Pooran,14.0,35.3,353.0,14.0,0.0,0.0
Nicholas Pooran,7.0,28.0,168.0,7.0,0.0,0.0
Ashton Turner,4.0,1.0,3.0,0.0,0.0,0.0
Ashton Turner,0.0,0.0,0.0,0.0,0.0,0.0
Ayush Badoni,1.0,1.0,1.0,1.0,0.0,0.0
Ayush Badoni,15.0,23.8,238.0,15.0,0.0,0.0
Ayush Badoni,13.0,20.13,161.0,13.0,5.5,2.0
Deepak Hooda,1.0,26.0,26.0,1.0,0.0,0.0
Deepak Hooda,12.0,7.64,84.0,12.0,0.0,0.0
Deepak Hooda,15.0,32.21,451.0,15.0,43.0,1.0
Deepak Hooda,12.0,16.0,160.0,12.0,68.0,2.0
Deepak Hooda,7.0,101.0,101.0,7.0,0.0,0.0
Deepak Hooda,11.0,10.66,64.0,11.0,21.0,1.0
Deepak Hooda,9.0,21.75,87.0,9.0,0.0,0.0
Deepak Hooda,10.0,26.0,78.0,10.0,21.0,2.0
Deepak Hooda,17.0,10.28,144.0,17.0,32.33,3.0
Deepak Hooda,14.0,16.77,151.0,14.0,129.0,1.0
Krishnappa Gowtham,7.0,15.25,61.0,7.0,39.33,3.0
Krishnappa Gowtham,4.0,0.0,0.0,4.0,19.8,5.0
Krishnappa Gowtham,2.0,42.0,42.0,2.0,84.0,1.0
Krishnappa Gowtham,7.0,6.0,18.0,7.0,166.0,1.0
Krishnappa Gowtham,15.0,14.0,126.0,15.0,28.36,11.0
Krunal Pandya,1.0,0.0,3.0,1.0,0.0,0.0
Krunal Pandya,15.0,18.8,188.0,15.0,34.78,9.0
Krunal Pandya,14.0,20.33,183.0,14.0,26.5,10.0
Krunal Pandya,13.0,14.3,143.0,13.0,53.0,5.0
Krunal Pandya,16.0,18.16,109.0,16.0,63.33,6.0
Krunal Pandya,16.0,16.63,183.0,16.0,27.91,12.0
Krunal Pandya,14.0,22.8,228.0,14.0,23.66,12.0
Krunal Pandya,13.0,34.71,243.0,13.0,27.3,10.0
Krunal Pandya,12.0,39.5,237.0,12.0,39.33,6.0
Kyle Mayers,13.0,29.15,379.0,13.0,0.0,0.0
Marcus Stoinis,1.0,3.0,3.0,1.0,0.0,0.0
Marcus Stoinis,15.0,31.38,408.0,15.0,20.0,5.0
Marcus Stoinis,11.0,19.5,156.0,11.0,19.75,4.0
Marcus Stoinis,10.0,22.25,89.0,10.0,58.5,2.0
Marcus Stoinis,17.0,25.14,352.0,17.0,21.76,13.0
Marcus Stoinis,10.0,52.75,211.0,10.0,72.5,2.0
Marcus Stoinis,7.0,24.75,99.0,7.0,40.0,3.0
Marcus Stoinis,5.0,5.66,17.0,5.0,55.0,2.0
Marcus Stoinis,7.0,36.5,146.0,7.0,24.25,8.0
Mohd. Arshad Khan,6.0,9.0,18.0,6.0,38.0,5.0
Prerak Mankad,5.0,31.0,93.0,5.0,0.0,0.0
Prerak Mankad,1.0,0.0,4.0,1.0,0.0,0.0
Yudhvir Singh,3.0,0.5,1.0,3.0,23.33,3.0
Arshin Kulkarni,0.0,0.0,0.0,0.0,0.0,0.0
David Willey,4.0,0.0,35.0,4.0,35.0,3.0
David Willey,4.0,9.0,18.0,4.0,72.0,1.0
David Willey,3.0,0.0,0.0,3.0,47.5,2.0
Shivam Mavi,6.0,1.5,3.0,6.0,45.4,5.0
Shivam Mavi,9.0,12.5,25.0,9.0,21.18,11.0
Shivam Mavi,8.0,5.0,10.0,8.0,23.55,9.0
Shivam Mavi,9.0,4.33,13.0,9.0,54.0,5.0
Shamar Joseph,0.0,0.0,0.0,0.0,0.0,0.0
Mayank Yadav,0.0,0.0,0.0,0.0,0.0,0.0
Mohsin Khan,1.0,0.0,0.0,1.0,45.0,1.0
Mohsin Khan,5.0,0.0,0.0,5.0,35.67,3.0
Mohsin Khan,9.0,23.0,23.0,9.0,14.07,14.0
Ravi Bishnoi,1.0,0.0,0.0,1.0,38.0,1.0
Ravi Bishnoi,15.0,6.67,20.0,15.0,24.44,16.0
Ravi Bishnoi,14.0,0.0,0.0,14.0,35.08,13.0
Ravi Bishnoi,9.0,1.0,1.0,9.0,18.5,12.0
Ravi Bishnoi,14.0,7.0,7.0,14.0,31.33,12.0
Yash Thakur,1.0,0.0,0.0,1.0,0.0,0.0
Yash Thakur,9.0,0.0,0.0,9.0,22.23,13.0
Amit Mishra,7.0,19.0,19.0,7.0,21.29,7.0
Amit Mishra,11.0,10.5,21.0,11.0,24.54,11.0
Amit Mishra,10.0,0.0,1.0,10.0,22.0,12.0
Amit Mishra,14.0,49.0,49.0,14.0,34.3,10.0
Amit Mishra,14.0,2.0,4.0,14.0,26.46,13.0
Amit Mishra,12.0,4.0,8.0,12.0,34.44,9.0
Amit Mishra,10.0,4.0,4.0,10.0,48.57,7.0
Amit Mishra,17.0,14.83,89.0,17.0,18.76,21.0
Amit Mishra,14.0,5.33,16.0,14.0,29.0,13.0
Amit Mishra,14.0,17.0,68.0,14.0,18.84,19.0
Amit Mishra,14.0,9.75,39.0,14.0,21.35,17.0
Amit Mishra,11.0,8.66,26.0,11.0,21.0,14.0
Amit Mishra,6.0,12.33,37.0,6.0,12.9,11.0
Amit Mishra,0.0,0.0,0.0,4.0,18.16,6.0
Amit Mishra,0.0,0.0,0.0,3.0,24.0,3.0
Naveen Ul Haq,1.0,0.0,0.0,1.0,20.5,2.0
Naveen Ul Haq,8.0,16.0,16.0,8.0,19.91,11.0
M. Siddharth,0.0,0.0,0.0,0.0,0.0,0.0
Rohit Sharma,1.0,43.0,43.0,1.0,0.0,0.0
Rohit Sharma,16.0,20.75,332.0,16.0,0.0,0.0
Rohit Sharma,14.0,19.14,268.0,14.0,0.0,0.0
Rohit Sharma,13.0,29.3,381.0,13.0,0.0,0.0
Rohit Sharma,12.0,27.66,332.0,12.0,0.0,0.0
Rohit Sharma,15.0,28.92,405.0,15.0,0.0,0.0
Rohit Sharma,14.0,23.83,286.0,14.0,0.0,0.0
Rohit Sharma,17.0,23.78,333.0,17.0,0.0,0.0
Rohit Sharma,14.0,44.45,489.0,14.0,0.0,0.0
Rohit Sharma,16.0,34.42,482.0,16.0,0.0,0.0
Rohit Sharma,15.0,30.0,390.0,15.0,26.0,1.0
Rohit Sharma,19.0,38.42,538.0,19.0,0.0,0.0
Rohit Sharma,17.0,30.92,433.0,17.0,0.0,0.0
Rohit Sharma,16.0,33.81,372.0,16.0,0.0,0.0
Rohit Sharma,16.0,28.85,404.0,16.0,76.5,2.0
Rohit Sharma,16.0,27.84,362.0,16.0,14.63,11.0
Rohit Sharma,13.0,36.72,404.0,13.0,25.0,1.0
Dewald Brevis,1.0,46.0,46.0,1.0,0.0,0.0
Dewald Brevis,7.0,23.0,161.0,7.0,8.0,1.0
Suryakumar Yadav,16.0,43.21,605.0,16.0,0.0,0.0
Suryakumar Yadav,8.0,43.29,303.0,8.0,0.0,0.0
Suryakumar Yadav,14.0,22.64,317.0,14.0,0.0,0.0
Suryakumar Yadav,16.0,40.0,480.0,16.0,0.0,0.0
Suryakumar Yadav,16.0,32.61,424.0,16.0,0.0,0.0
Suryakumar Yadav,14.0,36.57,512.0,14.0,0.0,0.0
Suryakumar Yadav,10.0,17.5,105.0,10.0,0.0,0.0
Suryakumar Yadav,15.0,26.0,182.0,15.0,0.0,0.0
Suryakumar Yadav,13.0,17.44,157.0,13.0,0.0,0.0
Suryakumar Yadav,16.0,32.8,164.0,16.0,0.0,0.0
Suryakumar Yadav,1.0,0.0,0.0,0.0,0.0,0.0
Ishan Kishan,1.0,0.0,0.0,1.0,0.0,0.0
Ishan Kishan,16.0,30.27,454.0,16.0,0.0,0.0
Ishan Kishan,14.0,32.15,418.0,14.0,0.0,0.0
Ishan Kishan,10.0,26.77,241.0,10.0,0.0,0.0
Ishan Kishan,14.0,57.33,516.0,14.0,0.0,0.0
Ishan Kishan,7.0,16.83,101.0,7.0,0.0,0.0
Ishan Kishan,14.0,22.91,275.0,14.0,0.0,0.0
Ishan Kishan,11.0,27.7,277.0,11.0,0.0,0.0
Ishan Kishan,5.0,8.4,42.0,5.0,0.0,0.0
N. Tilak Varma,1.0,25.0,25.0,1.0,0.0,0.0
N. Tilak Varma,11.0,42.88,343.0,11.0,0.0,0.0
N. Tilak Varma,14.0,36.09,397.0,14.0,0.0,0.0
Tim David,1.0,11.0,11.0,1.0,0.0,0.0
Tim David,16.0,25.67,231.0,16.0,0.0,0.0
Tim David,8.0,37.2,186.0,8.0,0.0,0.0
Tim David,1.0,1.0,1.0,0.0,0.0,0.0
Vishnu Vinod,3.0,12.33,37.0,3.0,0.0,0.0
Vishnu Vinod,3.0,6.33,19.0,3.0,0.0,0.0
Hardik Pandya,1.0,11.0,11.0,1.0,0.0,0.0
Hardik Pandya,16.0,31.45,346.0,16.0,76.0,3.0
Hardik Pandya,15.0,44.27,487.0,15.0,27.75,8.0
Hardik Pandya,12.0,14.11,127.0,12.0,0.0,0.0
Hardik Pandya,14.0,35.12,281.0,14.0,0.0,0.0
Hardik Pandya,16.0,44.66,402.0,16.0,27.85,14.0
Hardik Pandya,13.0,28.88,260.0,13.0,21.16,18.0
Hardik Pandya,17.0,35.71,250.0,17.0,35.5,6.0
Hardik Pandya,11.0,6.28,44.0,11.0,51.0,3.0
Hardik Pandya,9.0,22.4,112.0,9.0,176.0,1.0
Arjun Tendulkar,4.0,13.0,13.0,4.0,30.67,3.0
Mohammad Nabi,3.0,11.33,34.0,3.0,43.0,2.0
Mohammad Nabi,1.0,0.0,11.0,1.0,0.0,0.0
Mohammad Nabi,8.0,19.16,115.0,8.0,24.25,8.0
Mohammad Nabi,2.0,9.0,18.0,2.0,47.0,1.0
Mohammad Nabi,3.0,2.0,2.0,3.0,29.0,2.0
Romario Shepherd,1.0,0.0,0.0,1.0,0.0,0.0
Romario Shepherd,3.0,29.0,58.0,3.0,32.67,3.0
Shams Mulani,1.0,0.0,1.0,1.0,0.0,0.0
Nehal Wadhera,14.0,26.78,241.0,14.0,0.0,0.0
Gerald Coetzee,1.0,1.0,1.0,1.0,13.5,2.0
Anshul Kamboj,0.0,0.0,0.0,0.0,0.0,0.0
Naman Dhir,1.0,20.0,20.0,1.0,0.0,0.0
Shivalik Sharma,0.0,0.0,0.0,0.0,0.0,0.0
Jasprit Bumrah,1.0,0.0,1.0,1.0,4.67,3.0
Jasprit Bumrah,14.0,0.0,0.0,14.0,25.53,15.0
Jasprit Bumrah,14.0,8.0,16.0,14.0,19.52,21.0
Jasprit Bumrah,15.0,0.0,5.0,15.0,14.96,27.0
Jasprit Bumrah,16.0,0.0,0.0,16.0,21.52,19.0
Jasprit Bumrah,14.0,10.0,10.0,14.0,21.88,17.0
Jasprit Bumrah,16.0,17.0,17.0,16.0,21.95,20.0
Jasprit Bumrah,14.0,8.0,8.0,14.0,27.06,15.0
Jasprit Bumrah,4.0,0.0,0.0,4.0,61.33,3.0
Jasprit Bumrah,11.0,0.0,1.0,11.0,60.2,5.0
Jasprit Bumrah,2.0,0.0,0.0,2.0,23.33,3.0
Kumar Kartikeya Singh,8.0,6.0,6.0,8.0,45.4,5.0
Kumar Kartikeya Singh,4.0,3.0,3.0,4.0,20.4,5.0
Piyush Chawla,1.0,0.0,0.0,1.0,31.0,1.0
Piyush Chawla,16.0,12.5,25.0,16.0,22.5,22.0
Piyush Chawla,1.0,0.0,0.0,1.0,38.0,1.0
Piyush Chawla,13.0,14.0,42.0,13.0,39.9,10.0
Piyush Chawla,15.0,6.75,27.0,15.0,29.42,14.0
Piyush Chawla,6.0,2.0,2.0,6.0,29.83,6.0
Piyush Chawla,12.0,9.0,27.0,12.0,24.81,11.0
Piyush Chawla,13.0,13.5,54.0,13.0,24.45,11.0
Piyush Chawla,11.0,10.33,31.0,11.0,21.64,14.0
Piyush Chawla,16.0,10.66,64.0,16.0,38.0,11.0
Piyush Chawla,16.0,13.25,106.0,16.0,26.18,16.0
Piyush Chawla,12.0,16.0,48.0,12.0,21.0,16.0
Piyush Chawla,14.0,12.4,62.0,14.0,30.58,12.0
Piyush Chawla,14.0,6.2,31.0,14.0,25.66,12.0
Piyush Chawla,15.0,22.5,90.0,15.0,22.88,17.0
Piyush Chawla,0.0,0.0,0.0,7.0,31.83,6.0
Akash Madhwal,8.0,0.0,0.0,8.0,15.64,14.0
Luke Wood,1.0,0.0,0.0,1.0,0.0,0.0
Dilshan Madushanka,0.0,0.0,0.0,0.0,0.0,0.0
Shreyas Gopal,1.0,0.0,9.0,1.0,34.0,1.0
Shreyas Gopal,3.0,7.0,7.0,3.0,0.0,0.0
Shreyas Gopal,14.0,9.25,37.0,14.0,42.7,10.0
Shreyas Gopal,14.0,15.75,63.0,14.0,17.35,20.0
Shreyas Gopal,11.0,16.66,50.0,11.0,21.45,11.0
Shreyas Gopal,1.0,2.0,2.0,1.0,0.0,0.0
Shreyas Gopal,1.0,0.0,1.0,1.0,23.0,1.0
Shreyas Gopal,4.0,11.0,11.0,4.0,18.83,6.0
Nuwan Thushara,0.0,0.0,0.0,0.0,0.0,0.0
Shikhar Dhawan,2.0,33.5,67.0,2.0,0.0,0.0
Shikhar Dhawan,11.0,41.44,373.0,11.0,0.0,0.0
Shikhar Dhawan,14.0,38.33,460.0,14.0,0.0,0.0
Shikhar Dhawan,16.0,39.13,587.0,16.0,0.0,0.0
Shikhar Dhawan,17.0,44.14,618.0,17.0,0.0,0.0
Shikhar Dhawan,16.0,34.73,521.0,16.0,0.0,0.0
Shikhar Dhawan,16.0,38.23,497.0,16.0,0.0,0.0
Shikhar Dhawan,14.0,36.84,479.0,14.0,0.0,0.0
Shikhar Dhawan,17.0,38.53,501.0,17.0,0.0,0.0
Shikhar Dhawan,14.0,27.15,353.0,14.0,0.0,0.0
Shikhar Dhawan,14.0,29.0,377.0,14.0,0.0,0.0
Shikhar Dhawan,10.0,38.87,311.0,10.0,0.0,0.0
Shikhar Dhawan,15.0,40.64,569.0,15.0,18.33,3.0
Shikhar Dhawan,14.0,33.33,400.0,14.0,11.0,1.0
Shikhar Dhawan,10.0,19.1,191.0,10.0,0.0,0.0
Shikhar Dhawan,5.0,10.0,40.0,5.0,0.0,0.0
Shikhar Dhawan,14.0,37.77,340.0,14.0,0.0,0.0
Jitesh Sharma,2.0,18.0,36.0,2.0,0.0,0.0
Jitesh Sharma,14.0,23.77,309.0,14.0,0.0,0.0
Jitesh Sharma,12.0,29.25,234.0,12.0,0.0,0.0
Jonny Bairstow,2.0,8.5,17.0,2.0,0.0,0.0
Jonny Bairstow,11.0,23.0,253.0,11.0,0.0,0.0
Jonny Bairstow,7.0,41.33,248.0,7.0,0.0,0.0
Jonny Bairstow,11.0,31.36,345.0,11.0,0.0,0.0
Jonny Bairstow,10.0,55.62,445.0,10.0,0.0,0.0
Prabhsimran Singh,2.0,25.5,51.0,2.0,0.0,0.0
Prabhsimran Singh,14.0,25.57,358.0,14.0,0.0,0.0
Prabhsimran Singh,1.0,14.0,14.0,1.0,0.0,0.0
Prabhsimran Singh,2.0,9.5,19.0,0.0,0.0,0.0
Prabhsimran Singh,2.0,7.5,15.0,2.0,0.0,0.0
Prabhsimran Singh,1.0,16.0,16.0,1.0,0.0,0.0
Liam Livingstone,2.0,55.0,55.0,2.0,0.0,0.0
Liam Livingstone,9.0,34.88,279.0,9.0,47.0,2.0
Liam Livingstone,14.0,36.42,437.0,14.0,33.67,6.0
Liam Livingstone,5.0,8.4,42.0,5.0,0.0,0.0
Liam Livingstone,4.0,23.33,70.0,4.0,0.0,0.0
Harpreet Bhatia,3.0,25.33,76.0,3.0,0.0,0.0
Harpreet Bhatia,1.0,6.0,6.0,1.0,0.0,0.0
Harpreet Bhatia,2.0,14.0,14.0,2.0,0.0,0.0
Harpreet Bhatia,1.0,0.0,0.0,1.0,0.0,0.0
Rilee Rossouw,9.0,29.86,209.0,9.0,0.0,0.0
Rilee Rossouw,2.0,7.0,14.0,2.0,0.0,0.0
Rilee Rossouw,3.0,13.0,39.0,3.0,0.0,0.0
Shashank Singh,2.0,21.0,21.0,2.0,0.0,0.0
Shashank Singh,10.0,17.25,69.0,10.0,0.0,0.0
Chris Woakes,3.0,0.0,15.0,3.0,16.4,5.0
Chris Woakes,5.0,8.5,17.0,5.0,23.75,8.0
Chris Woakes,13.0,11.5,46.0,13.0,22.7,17.0
Vishwanath Pratap Singh,0.0,0.0,0.0,0.0,0.0,0.0
Ashutosh Sharma,0.0,0.0,0.0,0.0,0.0,0.0
Tanay Thyagarajann,0.0,0.0,0.0,0.0,0.0,0.0
Atharva Taide,7.0,26.57,186.0,7.0,0.0,0.0
Rishi Dhawan,6.0,10.0,20.0,6.0,60.0,1.0
Rishi Dhawan,6.0,18.5,37.0,6.0,26.0,6.0
Rishi Dhawan,2.0,0.0,14.0,2.0,28.0,2.0
Rishi Dhawan,5.0,18.0,36.0,5.0,110.0,1.0
Rishi Dhawan,13.0,41.0,82.0,13.0,28.07,13.0
Rishi Dhawan,6.0,7.0,21.0,6.0,54.5,2.0
Sam Curran,2.0,43.0,86.0,2.0,40.0,1.0
Sam Curran,14.0,27.6,276.0,14.0,48.9,10.0
Sam Curran,9.0,18.66,56.0,9.0,36.44,9.0
Sam Curran,14.0,23.25,186.0,14.0,26.46,13.0
Sam Curran,9.0,23.75,95.0,9.0,32.3,10.0
Sikandar Raza,7.0,27.8,139.0,7.0,39.67,3.0
Shivam singh,0.0,0.0,0.0,0.0,0.0,0.0
Prince Choudhary,0.0,0.0,0.0,0.0,0.0,0.0
Harpreet Brar,2.0,0.0,4.0,2.0,9.0,3.0
Harpreet Brar,13.0,8.67,52.0,13.0,24.22,9.0
Harpreet Brar,5.0,7.33,22.0,5.0,36.5,4.0
Harpreet Brar,7.0,0.0,64.0,7.0,27.8,5.0
Harpreet Brar,1.0,0.0,0.0,1.0,0.0,0.0
Harpreet Brar,2.0,0.0,20.0,2.0,0.0,0.0
Arshdeep Singh,2.0,0.0,0.0,2.0,34.0,2.0
Arshdeep Singh,14.0,0.0,2.0,14.0,29.0,17.0
Arshdeep Singh,14.0,7.0,21.0,14.0,38.5,10.0
Arshdeep Singh,12.0,0.0,2.0,12.0,19.0,18.0
Arshdeep Singh,8.0,0.0,0.0,8.0,24.22,9.0
Arshdeep Singh,3.0,0.0,0.0,3.0,36.33,3.0
Kagiso Rabada,2.0,0.0,0.0,2.0,19.67,3.0
Kagiso Rabada,6.0,0.0,0.0,6.0,33.14,7.0
Kagiso Rabada,13.0,9.6,48.0,13.0,17.65,23.0
Kagiso Rabada,15.0,13.0,13.0,15.0,30.4,15.0
Kagiso Rabada,17.0,14.0,56.0,17.0,18.26,30.0
Kagiso Rabada,12.0,4.66,14.0,12.0,14.72,25.0
Kagiso Rabada,6.0,18.33,55.0,6.0,31.33,6.0
Nathan Ellis,10.0,0.5,1.0,10.0,26.08,13.0
Nathan Ellis,2.0,0.0,0.0,2.0,18.33,3.0
Nathan Ellis,3.0,18.0,18.0,3.0,98.0,1.0
Rahul Chahar,2.0,0.0,0.0,2.0,49.0,1.0
Rahul Chahar,14.0,0.0,0.0,14.0,48.13,8.0
Rahul Chahar,13.0,12.83,77.0,13.0,25.71,14.0
Rahul Chahar,11.0,2.8,14.0,11.0,24.46,13.0
Rahul Chahar,15.0,0.0,2.0,15.0,28.86,15.0
Rahul Chahar,13.0,6.0,12.0,13.0,23.69,13.0
Rahul Chahar,3.0,0.0,3.0,3.0,29.0,2.0
Vidwath Kaverappa,0.0,0.0,0.0,0.0,0.0,0.0
Harshal Patel,2.0,0.0,0.0,2.0,30.67,3.0
Harshal Patel,13.0,3.0,6.0,13.0,32.43,14.0
Harshal Patel,15.0,8.6,43.0,15.0,21.58,19.0
Harshal Patel,15.0,14.75,59.0,15.0,14.34,32.0
Harshal Patel,5.0,10.5,21.0,5.0,44.66,3.0
Harshal Patel,2.0,0.0,0.0,2.0,38.5,2.0
Harshal Patel,5.0,60.0,60.0,5.0,23.85,7.0
Harshal Patel,1.0,0.0,0.0,1.0,14.33,3.0
Harshal Patel,5.0,0.0,0.0,5.0,147.0,1.0
Harshal Patel,15.0,3.8,19.0,15.0,19.29,17.0
Harshal Patel,3.0,6.5,13.0,3.0,28.25,4.0
Harshal Patel,12.0,7.5,15.0,12.0,37.77,9.0
Sanju Samson,1.0,0.0,82.0,1.0,0.0,0.0
Sanju Samson,14.0,30.17,362.0,14.0,0.0,0.0
Sanju Samson,17.0,28.63,458.0,17.0,0.0,0.0
Sanju Samson,14.0,40.33,484.0,14.0,0.0,0.0
Sanju Samson,14.0,28.84,375.0,14.0,0.0,0.0
Sanju Samson,12.0,34.2,342.0,12.0,0.0,0.0
Sanju Samson,15.0,31.5,441.0,15.0,0.0,0.0
Sanju Samson,14.0,27.57,386.0,14.0,0.0,0.0
Sanju Samson,14.0,26.45,291.0,14.0,0.0,0.0
Sanju Samson,14.0,20.4,204.0,14.0,0.0,0.0
Sanju Samson,13.0,26.07,339.0,13.0,0.0,0.0
Sanju Samson,11.0,25.75,206.0,11.0,0.0,0.0
Jos Buttler,1.0,11.0,11.0,1.0,0.0,0.0
Jos Buttler,14.0,28.0,392.0,14.0,0.0,0.0
Jos Buttler,17.0,57.53,863.0,17.0,0.0,0.0
Jos Buttler,7.0,36.28,254.0,7.0,0.0,0.0
Jos Buttler,13.0,32.8,328.0,13.0,0.0,0.0
Jos Buttler,8.0,38.87,311.0,8.0,0.0,0.0
Jos Buttler,13.0,54.8,548.0,13.0,0.0,0.0
Jos Buttler,10.0,27.2,272.0,10.0,0.0,0.0
Jos Buttler,14.0,23.18,255.0,14.0,0.0,0.0
Shimron Hetmyer,1.0,5.0,5.0,1.0,0.0,0.0
Shimron Hetmyer,14.0,37.5,300.0,14.0,0.0,0.0
Shimron Hetmyer,15.0,44.86,314.0,15.0,0.0,0.0
Shimron Hetmyer,14.0,34.57,242.0,14.0,0.0,0.0
Shimron Hetmyer,12.0,23.12,185.0,12.0,0.0,0.0
Shimron Hetmyer,5.0,18.0,90.0,5.0,0.0,0.0
Yashasvi Jaiswal,1.0,24.0,24.0,1.0,0.0,0.0
Yashasvi Jaiswal,14.0,48.08,625.0,14.0,0.0,0.0
Yashasvi Jaiswal,10.0,25.8,258.0,10.0,0.0,0.0
Yashasvi Jaiswal,10.0,24.9,249.0,10.0,0.0,0.0
Yashasvi Jaiswal,3.0,13.33,40.0,3.0,0.0,0.0
Dhruv Jurel,1.0,0.0,20.0,1.0,0.0,0.0
Dhruv Jurel,13.0,21.71,152.0,13.0,0.0,0.0
Riyan Parag,1.0,43.0,43.0,1.0,0.0,0.0
Riyan Parag,7.0,13.0,78.0,7.0,0.0,0.0
Riyan Parag,17.0,16.64,183.0,17.0,59.0,1.0
Riyan Parag,11.0,11.62,93.0,11.0,73.0,1.0
Riyan Parag,12.0,12.28,86.0,12.0,0.0,0.0
Riyan Parag,7.0,32.0,160.0,7.0,60.5,2.0
Kunal Rathore,0.0,0.0,0.0,0.0,0.0,0.0
Donovan Ferreira,0.0,0.0,0.0,0.0,0.0,0.0
Rovman Powell,3.0,2.33,7.0,3.0,18.0,1.0
Rovman Powell,14.0,25.0,250.0,14.0,0.0,0.0
Shubham Dubey,0.0,0.0,0.0,0.0,0.0,0.0
Tom Kohler-Cadmore,0.0,0.0,0.0,0.0,0.0,0.0
Ravichandran Ashwin,1.0,0.0,0.0,1.0,35.0,1.0
Ravichandran Ashwin,13.0,11.17,67.0,13.0,26.29,14.0
Ravichandran Ashwin,17.0,27.29,191.0,17.0,41.92,12.0
Ravichandran Ashwin,13.0,14.66,44.0,13.0,47.28,7.0
Ravichandran Ashwin,15.0,12.33,37.0,15.0,30.07,13.0
Ravichandran Ashwin,14.0,8.4,42.0,14.0,26.66,15.0
Ravichandran Ashwin,14.0,12.75,102.0,14.0,41.0,10.0
Ravichandran Ashwin,14.0,20.5,41.0,14.0,31.9,10.0
Ravichandran Ashwin,14.0,17.33,52.0,14.0,22.8,10.0
Ravichandran Ashwin,16.0,15.0,45.0,16.0,27.31,16.0
Ravichandran Ashwin,18.0,8.75,35.0,18.0,26.0,15.0
Ravichandran Ashwin,19.0,6.0,18.0,19.0,30.85,14.0
Ravichandran Ashwin,16.0,1.0,2.0,16.0,19.4,20.0
Ravichandran Ashwin,12.0,7.5,30.0,12.0,22.53,13.0
Ravichandran Ashwin,2.0,8.0,8.0,2.0,6.5,2.0
Tanush Kotian,0.0,0.0,0.0,0.0,0.0,0.0
Abid Mushtaq,0.0,0.0,0.0,0.0,0.0,0.0
Avesh Khan,1.0,0.0,0.0,1.0,0.0,0.0
Avesh Khan,9.0,0.0,0.0,9.0,35.38,8.0
Avesh Khan,13.0,22.0,22.0,13.0,23.11,18.0
Avesh Khan,16.0,0.0,5.0,16.0,18.75,24.0
Avesh Khan,1.0,0.0,0.0,1.0,0.0,0.0
Avesh Khan,1.0,0.0,4.0,1.0,0.0,0.0
Avesh Khan,6.0,0.0,0.0,6.0,51.0,4.0
Avesh Khan,1.0,0.0,0.0,1.0,23.0,1.0
Kuldeep Sen,2.0,0.0,0.0,2.0,0.0,0.0
Kuldeep Sen,7.0,0.0,0.0,7.0,29.63,8.0
Navdeep Saini,2.0,0.0,0.0,2.0,24.67,3.0
Navdeep Saini,2.0,2.0,2.0,2.0,24.0,3.0
Navdeep Saini,2.0,2.0,2.0,2.0,0.0,0.0
Navdeep Saini,13.0,27.0,27.0,13.0,63.16,6.0
Navdeep Saini,13.0,2.0,2.0,13.0,36.09,11.0
Prasidh Krishna,17.0,6.0,6.0,17.0,29.0,19.0
Prasidh Krishna,10.0,0.0,0.0,10.0,29.25,12.0
Prasidh Krishna,6.0,0.0,2.0,6.0,41.0,4.0
Prasidh Krishna,11.0,0.0,0.0,11.0,94.25,4.0
Prasidh Krishna,7.0,0.0,1.0,7.0,26.0,10.0
Sandeep Sharma,1.0,0.0,0.0,1.0,22.0,1.0
Sandeep Sharma,12.0,0.0,2.0,12.0,39.6,10.0
Sandeep Sharma,5.0,0.0,0.0,5.0,76.5,2.0
Sandeep Sharma,7.0,8.0,8.0,7.0,67.66,3.0
Sandeep Sharma,13.0,6.0,12.0,13.0,26.71,14.0
Sandeep Sharma,11.0,0.0,6.0,11.0,29.33,12.0
Sandeep Sharma,12.0,0.0,0.0,12.0,27.75,12.0
Sandeep Sharma,13.0,0.0,7.0,13.0,23.41,17.0
Sandeep Sharma,14.0,0.0,8.0,14.0,24.4,15.0
Sandeep Sharma,14.0,9.0,9.0,14.0,26.92,13.0
Sandeep Sharma,11.0,0.0,2.0,11.0,19.66,18.0
Sandeep Sharma,4.0,0.0,0.0,4.0,14.87,8.0
Trent Boult,1.0,0.0,0.0,1.0,17.5,2.0
Trent Boult,10.0,16.0,16.0,10.0,24.0,13.0
Trent Boult,16.0,20.0,40.0,16.0,30.75,16.0
Trent Boult,14.0,0.0,1.0,14.0,31.23,13.0
Trent Boult,15.0,0.0,0.0,15.0,18.28,25.0
Trent Boult,5.0,7.0,7.0,5.0,32.6,5.0
Trent Boult,14.0,0.0,0.0,14.0,25.88,18.0
Trent Boult,6.0,0.0,5.0,6.0,43.2,5.0
Trent Boult,1.0,0.0,0.0,1.0,39.0,1.0
Trent Boult,7.0,0.0,0.0,7.0,26.22,9.0
Yuzvendra Chahal,1.0,0.0,0.0,1.0,25.0,1.0
Yuzvendra Chahal,14.0,0.0,0.0,14.0,20.57,21.0
Yuzvendra Chahal,17.0,5.0,5.0,17.0,19.52,27.0
Yuzvendra Chahal,15.0,0.0,10.0,15.0,20.77,18.0
Yuzvendra Chahal,15.0,1.0,1.0,15.0,19.28,21.0
Yuzvendra Chahal,14.0,3.0,6.0,14.0,21.44,18.0
Yuzvendra Chahal,14.0,0.0,0.0,14.0,30.25,12.0
Yuzvendra Chahal,13.0,4.33,13.0,13.0,23.78,14.0
Yuzvendra Chahal,13.0,0.0,0.0,13.0,19.09,21.0
Yuzvendra Chahal,15.0,0.0,1.0,15.0,18.04,23.0
Yuzvendra Chahal,14.0,0.0,1.0,14.0,32.16,12.0
Yuzvendra Chahal,1.0,0.0,0.0,1.0,0.0,0.0
Adam Zampa,6.0,5.0,5.0,6.0,23.28,7.0
Adam Zampa,5.0,0.0,0.0,5.0,9.58,12.0
Adam Zampa,0.0,0.0,0.0,3.0,46.0,2.0
Nandre Burger,1.0,0.0,0.0,1.0,30.0,1.0
Faf du Plessis,2.0,19.0,38.0,2.0,0.0,0.0
Faf du Plessis,14.0,56.15,730.0,14.0,0.0,0.0
Faf du Plessis,16.0,31.2,468.0,16.0,0.0,0.0
Faf du Plessis,16.0,45.21,633.0,16.0,0.0,0.0
Faf du Plessis,13.0,40.81,449.0,13.0,0.0,0.0
Faf du Plessis,12.0,36.0,396.0,12.0,0.0,0.0
Faf du Plessis,6.0,32.4,162.0,6.0,0.0,0.0
Faf du Plessis,2.0,8.0,8.0,2.0,0.0,0.0
Faf du Plessis,6.0,34.33,206.0,6.0,0.0,0.0
Faf du Plessis,17.0,29.23,380.0,17.0,0.0,0.0
Faf du Plessis,15.0,27.54,303.0,15.0,0.0,0.0
Faf du Plessis,13.0,33.16,398.0,13.0,0.0,0.0
Rajat Patidar,2.0,9.0,18.0,2.0,0.0,0.0
Rajat Patidar,8.0,55.5,333.0,8.0,0.0,0.0
Rajat Patidar,4.0,17.75,71.0,4.0,0.0,0.0
Virat Kohli,2.0,49.0,98.0,2.0,0.0,0.0
Virat Kohli,14.0,53.25,639.0,14.0,0.0,0.0
Virat Kohli,16.0,22.73,341.0,16.0,0.0,0.0
Virat Kohli,15.0,28.92,405.0,15.0,0.0,0.0
Virat Kohli,15.0,42.36,466.0,15.0,0.0,0.0
Virat Kohli,14.0,33.14,464.0,14.0,0.0,0.0
Virat Kohli,14.0,48.18,530.0,14.0,0.0,0.0
Virat Kohli,10.0,30.8,308.0,10.0,0.0,0.0
Virat Kohli,16.0,81.08,973.0,16.0,0.0,0.0
Virat Kohli,16.0,45.9,505.0,16.0,0.0,0.0
Virat Kohli,14.0,27.61,359.0,14.0,0.0,0.0
Virat Kohli,16.0,45.28,634.0,16.0,0.0,0.0
Virat Kohli,16.0,28.0,364.0,16.0,0.0,0.0
Virat Kohli,16.0,46.41,557.0,16.0,69.5,2.0
Virat Kohli,16.0,27.9,307.0,16.0,0.0,0.0
Virat Kohli,16.0,22.36,246.0,16.0,0.0,0.0
Virat Kohli,13.0,15.0,165.0,13.0,30.5,2.0
Anuj Rawat,2.0,29.5,59.0,2.0,0.0,0.0
Anuj Rawat,9.0,30.33,91.0,9.0,0.0,0.0
Anuj Rawat,8.0,16.13,129.0,8.0,0.0,0.0
Anuj Rawat,2.0,0.0,0.0,2.0,0.0,0.0
Dinesh Karthik,2.0,0.0,66.0,2.0,0.0,0.0
Dinesh Karthik,13.0,11.67,140.0,13.0,0.0,0.0
Dinesh Karthik,16.0,55.0,330.0,16.0,0.0,0.0
Dinesh Karthik,17.0,22.3,223.0,17.0,0.0,0.0
Dinesh Karthik,14.0,14.08,169.0,14.0,0.0,0.0
Dinesh Karthik,14.0,31.62,253.0,14.0,0.0,0.0
Dinesh Karthik,16.0,49.8,498.0,16.0,0.0,0.0
Dinesh Karthik,14.0,36.1,361.0,14.0,0.0,0.0
Dinesh Karthik,16.0,25.76,335.0,16.0,0.0,0.0
Dinesh Karthik,16.0,12.81,141.0,16.0,0.0,0.0
Dinesh Karthik,14.0,23.21,325.0,14.0,0.0,0.0
Dinesh Karthik,19.0,28.33,510.0,19.0,0.0,0.0
Dinesh Karthik,17.0,18.3,238.0,17.0,0.0,0.0
Dinesh Karthik,14.0,25.63,282.0,14.0,0.0,0.0
Dinesh Karthik,14.0,21.38,278.0,14.0,0.0,0.0
Dinesh Karthik,15.0,36.0,288.0,15.0,0.0,0.0
Dinesh Karthik,13.0,24.16,145.0,13.0,0.0,0.0
Suyash S Prabhudessai,5.0,8.75,35.0,5.0,0.0,0.0
Suyash S Prabhudessai,5.0,13.4,67.0,5.0,0.0,0.0
Will Jacks,0.0,0.0,0.0,0.0,0.0,0.0
Saurav Chuahan,0.0,0.0,0.0,0.0,0.0,0.0
Glenn Maxwell,2.0,1.5,3.0,2.0,18.0,2.0
Glenn Maxwell,14.0,33.33,400.0,14.0,31.33,3.0
Glenn Maxwell,13.0,27.36,301.0,13.0,27.5,6.0
Glenn Maxwell,15.0,42.75,513.0,15.0,45.0,3.0
Glenn Maxwell,13.0,15.42,108.0,13.0,56.33,3.0
Glenn Maxwell,12.0,14.08,169.0,12.0,26.4,5.0
Glenn Maxwell,14.0,31.0,310.0,14.0,17.85,7.0
Glenn Maxwell,11.0,19.88,179.0,11.0,0.0,0.0
Glenn Maxwell,11.0,13.18,145.0,11.0,48.5,2.0
Glenn Maxwell,16.0,34.5,552.0,16.0,132.0,1.0
Glenn Maxwell,3.0,18.0,36.0,3.0,0.0,0.0
Glenn Maxwell,2.0,6.0,6.0,2.0,22.0,1.0
Mahipal Lomror,1.0,0.0,17.0,1.0,0.0,0.0
Mahipal Lomror,12.0,16.88,135.0,12.0,0.0,0.0
Mahipal Lomror,7.0,17.2,86.0,7.0,0.0,0.0
Mahipal Lomror,4.0,31.33,94.0,4.0,47.0,1.0
Mahipal Lomror,3.0,19.66,59.0,3.0,0.0,0.0
Mahipal Lomror,2.0,8.0,8.0,2.0,0.0,0.0
Mahipal Lomror,2.0,20.0,20.0,2.0,0.0,0.0
Karn Sharma,1.0,0.0,0.0,1.0,24.0,1.0
Karn Sharma,7.0,1.5,3.0,7.0,22.3,10.0
Karn Sharma,5.0,0.0,0.0,5.0,33.0,5.0
Karn Sharma,1.0,0.0,0.0,1.0,33.0,1.0
Karn Sharma,6.0,0.0,0.0,6.0,22.25,4.0
Karn Sharma,9.0,8.16,49.0,9.0,16.46,13.0
Karn Sharma,5.0,0.0,36.0,5.0,0.0,0.0
Karn Sharma,14.0,17.33,104.0,14.0,33.2,10.0
Karn Sharma,14.0,10.5,42.0,14.0,25.06,15.0
Karn Sharma,13.0,21.25,85.0,13.0,20.9,11.0
Karn Sharma,1.0,0.0,0.0,0.0,0.0,0.0
Cameron Green,2.0,10.5,21.0,2.0,23.0,2.0
Cameron Green,16.0,50.22,452.0,16.0,60.17,6.0
Swapnil Singh,2.0,0.0,2.0,2.0,0.0,0.0
Mayank Dagar,2.0,0.0,0.0,2.0,0.0,0.0
Mayank Dagar,3.0,0.0,0.0,3.0,83.0,1.0
Manoj Bhandage,0.0,0.0,0.0,0.0,0.0,0.0
Akash Deep,2.0,17.0,17.0,2.0,59.0,1.0
Akash Deep,5.0,0.0,0.0,5.0,41.0,5.0
Alzarri Joseph,2.0,0.0,0.0,2.0,81.0,1.0
Alzarri Joseph,7.0,0.0,7.0,7.0,32.14,7.0
Alzarri Joseph,9.0,5.0,5.0,9.0,37.71,7.0
Alzarri Joseph,3.0,0.0,15.0,3.0,14.5,6.0
Lockie Ferguson,3.0,0.0,0.0,3.0,96.0,1.0
Lockie Ferguson,13.0,2.5,5.0,13.0,35.58,12.0
Lockie Ferguson,8.0,0.0,18.0,8.0,17.23,13.0
Lockie Ferguson,5.0,0.0,43.0,5.0,24.66,6.0
Lockie Ferguson,5.0,0.0,0.0,5.0,91.5,2.0
Lockie Ferguson,4.0,0.0,1.0,4.0,31.0,3.0
Mohammed Siraj,2.0,0.0,0.0,2.0,32.0,2.0
Mohammed Siraj,14.0,1.0,1.0,14.0,19.79,19.0
Mohammed Siraj,15.0,15.0,30.0,15.0,57.11,9.0
Mohammed Siraj,15.0,20.0,20.0,15.0,32.09,11.0
Mohammed Siraj,9.0,17.0,17.0,9.0,21.45,11.0
Mohammed Siraj,9.0,4.0,4.0,9.0,38.42,7.0
Mohammed Siraj,11.0,12.5,25.0,11.0,33.36,11.0
Mohammed Siraj,6.0,0.0,0.0,6.0,21.2,10.0
Yash Dayal,2.0,0.0,0.0,2.0,25.5,2.0
Yash Dayal,5.0,0.0,0.0,5.0,82.5,2.0
Yash Dayal,9.0,0.0,0.0,9.0,26.91,11.0
Tom Curran,3.0,21.0,21.0,3.0,26.0,4.0
Tom Curran,5.0,83.0,83.0,5.0,69.33,3.0
Tom Curran,5.0,7.66,23.0,5.0,19.66,6.0
Reece Topley,1.0,0.0,0.0,1.0,14.0,1.0
Himanshu Sharma,1.0,0.0,0.0,1.0,0.0,0.0
Rajan Kumar,0.0,0.0,0.0,0.0,0.0,0.0
Vyshak Vijay Kumar,7.0,13.0,13.0,7.0,28.11,9.0
Abdul Samad,1.0,15.0,15.0,1.0,0.0,0.0
Abdul Samad,9.0,42.25,169.0,9.0,0.0,0.0
Abdul Samad,2.0,2.0,4.0,2.0,0.0,0.0
Abdul Samad,11.0,12.33,111.0,11.0,9.0,1.0
Abdul Samad,12.0,22.2,111.0,12.0,96.0,1.0
Aiden Markram,1.0,18.0,18.0,1.0,0.0,0.0
Aiden Markram,13.0,22.55,248.0,13.0,70.0,1.0
Aiden Markram,14.0,47.63,381.0,14.0,64.0,1.0
Aiden Markram,6.0,29.2,146.0,6.0,0.0,0.0
Rahul Tripathi,1.0,20.0,20.0,1.0,0.0,0.0
Rahul Tripathi,13.0,22.75,273.0,13.0,0.0,0.0
Rahul Tripathi,14.0,37.55,413.0,14.0,0.0,0.0
Rahul Tripathi,17.0,28.35,397.0,17.0,0.0,0.0
Rahul Tripathi,11.0,23.0,230.0,11.0,0.0,0.0
Rahul Tripathi,8.0,23.5,141.0,8.0,0.0,0.0
Rahul Tripathi,12.0,25.11,226.0,12.0,0.0,0.0
Rahul Tripathi,14.0,27.92,391.0,14.0,0.0,0.0
Glenn Phillips,5.0,7.8,39.0,5.0,20.0,1.0
Glenn Phillips,3.0,13.0,26.0,3.0,20.0,1.0
Mayank Agarwal,1.0,32.0,32.0,1.0,0.0,0.0
Mayank Agarwal,10.0,27.0,270.0,10.0,0.0,0.0
Mayank Agarwal,13.0,16.33,196.0,13.0,0.0,0.0
Mayank Agarwal,12.0,40.09,441.0,12.0,0.0,0.0
Mayank Agarwal,11.0,38.54,424.0,11.0,0.0,0.0
Mayank Agarwal,13.0,25.53,332.0,13.0,0.0,0.0
Mayank Agarwal,11.0,12.0,120.0,11.0,0.0,0.0
Mayank Agarwal,3.0,8.66,26.0,3.0,0.0,0.0
Mayank Agarwal,3.0,9.0,27.0,3.0,0.0,0.0
Mayank Agarwal,10.0,23.66,213.0,10.0,0.0,0.0
Mayank Agarwal,8.0,14.37,115.0,8.0,0.0,0.0
Mayank Agarwal,5.0,13.4,67.0,5.0,0.0,0.0
Mayank Agarwal,16.0,20.45,225.0,16.0,0.0,0.0
Mayank Agarwal,8.0,20.14,141.0,8.0,0.0,0.0
Anmolpreet Singh,4.0,26.25,105.0,4.0,0.0,0.0
Anmolpreet Singh,2.0,6.5,13.0,2.0,0.0,0.0
Anmolpreet Singh,1.0,16.0,16.0,1.0,0.0,0.0
Heinrich Klaasen,1.0,63.0,63.0,1.0,0.0,0.0
Heinrich Klaasen,12.0,49.78,448.0,12.0,0.0,0.0
Heinrich Klaasen,3.0,4.5,9.0,0.0,0.0,0.0
Heinrich Klaasen,4.0,19.0,57.0,4.0,0.0,0.0
Upendra Singh Yadav,0.0,0.0,0.0,0.0,0.0,0.0
Nitish Kumar Reddy,2.0,0.0,0.0,2.0,0.0,0.0
Travis Head,7.0,30.2,151.0,7.0,40.5,2.0
Travis Head,3.0,27.0,54.0,3.0,0.0,0.0
Abhishek Sharma,1.0,32.0,32.0,1.0,0.0,0.0
Abhishek Sharma,11.0,20.55,226.0,11.0,62.0,2.0
Abhishek Sharma,14.0,30.43,426.0,14.0,0.0,0.0
Abhishek Sharma,8.0,16.33,98.0,8.0,16.0,4.0
Abhishek Sharma,8.0,14.2,71.0,8.0,45.5,2.0
Abhishek Sharma,3.0,4.5,9.0,3.0,21.0,1.0
Abhishek Sharma,3.0,63.0,63.0,3.0,0.0,0.0
Marco Jansen,1.0,0.0,1.0,1.0,0.0,0.0
Marco Jansen,8.0,13.0,39.0,8.0,26.7,10.0
Marco Jansen,8.0,9.0,9.0,8.0,39.14,7.0
Marco Jansen,2.0,0.0,0.0,2.0,22.5,2.0
Washington Sundar,7.0,15.0,60.0,7.0,48.67,3.0
Washington Sundar,9.0,14.43,101.0,9.0,39.83,6.0
Washington Sundar,6.0,7.75,31.0,6.0,39.33,3.0
Washington Sundar,15.0,18.5,111.0,15.0,37.25,8.0
Washington Sundar,3.0,0.5,1.0,3.0,18.5,4.0
Washington Sundar,7.0,21.66,65.0,7.0,48.0,4.0
Washington Sundar,11.0,9.0,9.0,11.0,23.12,8.0
Sanvir Singh,2.0,11.0,11.0,2.0,0.0,0.0
Wanindu Hasaranga,8.0,16.5,33.0,8.0,28.67,9.0
Wanindu Hasaranga,16.0,5.43,38.0,16.0,16.54,26.0
Wanindu Hasaranga,2.0,1.0,1.0,2.0,0.0,0.0
Pat Cummins,1.0,0.0,0.0,1.0,32.0,1.0
Pat Cummins,5.0,15.75,63.0,5.0,30.29,7.0
Pat Cummins,7.0,31.0,93.0,7.0,26.33,9.0
Pat Cummins,14.0,20.85,146.0,14.0,34.08,12.0
Pat Cummins,12.0,15.4,77.0,12.0,24.86,15.0
Pat Cummins,3.0,0.0,0.0,3.0,97.0,1.0
Pat Cummins,1.0,0.0,0.0,1.0,29.0,1.0
Akash Singh,6.0,0.0,0.0,6.0,37.6,5.0
Akash Singh,0.0,0.0,0.0,1.0,0.0,0.0
Shahbaz Ahamad,1.0,16.0,16.0,1.0,0.0,0.0
Shahbaz Ahamad,10.0,10.5,42.0,10.0,95.0,1.0
Shahbaz Ahamad,16.0,27.38,219.0,16.0,84.0,4.0
Shahbaz Ahamad,11.0,8.42,59.0,11.0,13.14,7.0
Shahbaz Ahamad,2.0,0.0,1.0,2.0,22.0,2.0
Bhuvneshwar Kumar,1.0,0.0,0.0,1.0,0.0,0.0
Bhuvneshwar Kumar,14.0,14.0,42.0,14.0,26.56,16.0
Bhuvneshwar Kumar,14.0,8.0,24.0,14.0,31.92,12.0
Bhuvneshwar Kumar,11.0,34.0,34.0,11.0,55.83,6.0
Bhuvneshwar Kumar,4.0,0.0,0.0,4.0,33.0,3.0
Bhuvneshwar Kumar,15.0,4.0,12.0,15.0,35.46,13.0
Bhuvneshwar Kumar,12.0,6.5,13.0,12.0,39.33,9.0
Bhuvneshwar Kumar,14.0,4.0,4.0,14.0,14.19,26.0
Bhuvneshwar Kumar,17.0,7.16,43.0,17.0,21.3,23.0
Bhuvneshwar Kumar,14.0,17.0,17.0,14.0,22.61,18.0
Bhuvneshwar Kumar,14.0,1.0,1.0,14.0,17.7,20.0
Bhuvneshwar Kumar,16.0,7.42,52.0,16.0,28.53,13.0
Bhuvneshwar Kumar,11.0,13.33,40.0,11.0,35.12,8.0
Bhuvneshwar Kumar,4.0,0.0,1.0,4.0,22.33,3.0
Fazalhaq Farooqi,4.0,0.0,1.0,4.0,29.25,4.0
Fazalhaq Farooqi,3.0,0.0,2.0,3.0,55.0,2.0
Jaydev Unadkat,3.0,9.0,9.0,3.0,0.0,0.0
Jaydev Unadkat,5.0,19.67,59.0,5.0,31.67,6.0
Jaydev Unadkat,6.0,20.5,41.0,6.0,42.0,4.0
Jaydev Unadkat,7.0,9.0,9.0,7.0,57.0,4.0
Jaydev Unadkat,11.0,1.0,1.0,11.0,39.8,10.0
Jaydev Unadkat,15.0,12.25,49.0,15.0,44.18,11.0
Jaydev Unadkat,12.0,0.0,2.0,12.0,13.41,24.0
Jaydev Unadkat,1.0,0.0,0.0,1.0,0.0,0.0
Jaydev Unadkat,1.0,0.0,0.0,1.0,0.0,0.0
Jaydev Unadkat,9.0,1.0,1.0,9.0,30.0,9.0
Jaydev Unadkat,13.0,0.0,2.0,13.0,28.46,13.0
Jaydev Unadkat,1.0,0.0,0.0,1.0,0.0,0.0
Jaydev Unadkat,7.0,0.0,0.0,7.0,25.0,6.0
Jaydev Unadkat,3.0,0.0,0.0,3.0,21.25,4.0
T Natarajan,1.0,0.0,0.0,1.0,10.67,3.0
T Natarajan,12.0,0.0,0.0,12.0,41.0,10.0
T Natarajan,11.0,0.0,0.0,11.0,22.56,18.0
T Natarajan,2.0,0.0,0.0,2.0,34.5,2.0
T Natarajan,16.0,0.0,3.0,16.0,31.5,16.0
T Natarajan,6.0,0.0,0.0,6.0,57.5,2.0
Umran Malik,8.0,19.0,19.0,8.0,43.4,5.0
Umran Malik,14.0,4.0,4.0,14.0,20.18,22.0
Umran Malik,3.0,0.0,0.0,3.0,48.0,2.0
Mayank Markande,1.0,0.0,0.0,1.0,19.5,2.0
Mayank Markande,10.0,0.0,21.0,10.0,25.0,12.0
Mayank Markande,2.0,0.0,0.0,2.0,57.0,1.0
Mayank Markande,1.0,0.0,0.0,1.0,0.0,0.0
Mayank Markande,3.0,6.0,6.0,3.0,59.0,1.0
Mayank Markande,14.0,10.5,21.0,14.0,24.53,15.0
Jhathavedh Subramanyan,0.0,0.0,0.0,0.0,0.0,0.0
